team,season,oc_changed,source
ARI,2024,no,wikipedia
ARI,2025,no,wikipedia
ATL,2021,yes,wikipedia
ATL,2022,no,wikipedia
ATL,2023,no,wikipedia
ATL,2024,yes,wikipedia
ATL,2025,no,wikipedia
BAL,2021,no,wikipedia
BAL,2022,no,wikipedia
BAL,2023,yes,wikipedia
BAL,2024,no,wikipedia
BAL,2025,no,wikipedia
BUF,2021,no,wikipedia
BUF,2022,yes,wikipedia
BUF,2023,no,wikipedia
BUF,2024,yes,wikipedia
BUF,2025,no,wikipedia
CAR,2021,no,wikipedia
CAR,2022,yes,wikipedia
CAR,2023,yes,wikipedia
CAR,2024,yes,wikipedia
CAR,2025,no,wikipedia
CHI,2021,no,wikipedia
CHI,2022,yes,wikipedia
CHI,2023,no,wikipedia
CHI,2024,yes,wikipedia
CHI,2025,yes,wikipedia
CIN,2021,no,wikipedia
CIN,2022,no,wikipedia
CIN,2023,no,wikipedia
CIN,2024,yes,wikipedia
CIN,2025,no,wikipedia
CLE,2021,no,wikipedia
CLE,2022,no,wikipedia
CLE,2023,no,wikipedia
CLE,2024,yes,wikipedia
CLE,2025,yes,wikipedia
DAL,2021,no,wikipedia
DAL,2022,no,wikipedia
DAL,2023,yes,wikipedia
DAL,2024,no,wikipedia
DAL,2025,yes,wikipedia
DEN,2021,no,wikipedia
DEN,2022,yes,wikipedia
DEN,2023,yes,wikipedia
DEN,2024,no,wikipedia
DEN,2025,no,wikipedia
DET,2021,yes,wikipedia
DET,2022,yes,wikipedia
DET,2023,no,wikipedia
DET,2024,no,wikipedia
DET,2025,yes,wikipedia
GB,2021,no,wikipedia
GB,2022,yes,wikipedia
GB,2023,no,wikipedia
GB,2024,no,wikipedia
GB,2025,no,wikipedia
HOU,2021,no,wikipedia
HOU,2022,yes,wikipedia
HOU,2023,yes,wikipedia
HOU,2024,no,wikipedia
HOU,2025,yes,wikipedia
IND,2021,yes,wikipedia
IND,2022,yes,wikipedia
IND,2023,yes,wikipedia
IND,2024,no,wikipedia
IND,2025,no,wikipedia
JAX,2021,yes,wikipedia
JAX,2022,yes,wikipedia
JAX,2023,no,wikipedia
JAX,2024,no,wikipedia
JAX,2025,yes,wikipedia
KC,2021,no,wikipedia
KC,2022,no,wikipedia
KC,2023,yes,wikipedia
KC,2024,no,wikipedia
KC,2025,no,wikipedia
LAC,2021,yes,wikipedia
LAC,2022,no,wikipedia
LAC,2023,yes,wikipedia
LAC,2024,yes,wikipedia
LAC,2025,no,wikipedia
LA,2021,no,wikipedia
LA,2022,yes,wikipedia
LA,2023,yes,wikipedia
LA,2024,no,wikipedia
LA,2025,no,wikipedia
LV,2021,no,wikipedia
LV,2022,yes,wikipedia
LV,2023,no,wikipedia
LV,2024,yes,wikipedia
LV,2025,yes,wikipedia
MIA,2021,yes,wikipedia
MIA,2022,yes,wikipedia
MIA,2023,no,wikipedia
MIA,2024,no,wikipedia
MIA,2025,no,wikipedia
MIN,2021,yes,wikipedia
MIN,2022,yes,wikipedia
MIN,2023,no,wikipedia
MIN,2024,no,wikipedia
MIN,2025,no,wikipedia
NE,2021,no,wikipedia
NE,2022,yes,wikipedia
NE,2023,yes,wikipedia
NE,2024,yes,wikipedia
NE,2025,yes,wikipedia
NO,2021,no,wikipedia
NO,2022,no,wikipedia
NO,2023,no,wikipedia
NO,2024,yes,wikipedia
NO,2025,yes,wikipedia
NYG,2021,no,wikipedia
NYG,2022,yes,wikipedia
NYG,2023,no,wikipedia
NYG,2024,no,wikipedia
NYG,2025,yes,wikipedia
NYJ,2021,yes,wikipedia
NYJ,2022,no,wikipedia
NYJ,2023,yes,wikipedia
NYJ,2024,no,wikipedia
NYJ,2025,yes,wikipedia
PHI,2022,no,wikipedia
PHI,2023,yes,wikipedia
PHI,2024,yes,wikipedia
PHI,2025,yes,wikipedia
PIT,2021,yes,wikipedia
PIT,2022,no,wikipedia
PIT,2023,no,wikipedia
PIT,2024,yes,wikipedia
PIT,2025,no,wikipedia
SEA,2021,yes,wikipedia
SEA,2022,no,wikipedia
SEA,2023,no,wikipedia
SEA,2024,yes,wikipedia
SEA,2025,yes,wikipedia
SF,2021,yes,wikipedia
SF,2022,yes,wikipedia
SF,2023,no,wikipedia
SF,2024,no,wikipedia
SF,2025,yes,wikipedia
TB,2021,no,wikipedia
TB,2022,no,wikipedia
TB,2023,yes,wikipedia
TB,2024,yes,wikipedia
TB,2025,yes,wikipedia
TEN,2021,yes,wikipedia
TEN,2022,no,wikipedia
TEN,2023,yes,wikipedia
TEN,2024,yes,wikipedia
TEN,2025,no,wikipedia
WAS,2021,no,wikipedia
WAS,2022,no,wikipedia
WAS,2023,yes,wikipedia
WAS,2024,yes,wikipedia
WAS,2025,no,wikipedia
ARI,2026,yes,4for4
ATL,2026,yes,4for4
BAL,2026,no,4for4
BUF,2026,yes,4for4
CAR,2026,yes,4for4
CHI,2026,no,4for4
CIN,2026,no,4for4
CLE,2026,yes,4for4
DAL,2026,no,4for4
DEN,2026,yes,4for4
DET,2026,yes,4for4
GB,2026,no,4for4
HOU,2026,no,4for4
IND,2026,no,4for4
JAX,2026,no,4for4
KC,2026,yes,4for4
LAC,2026,yes,4for4
LA,2026,no,4for4
LV,2026,yes,4for4
MIA,2026,yes,4for4
MIN,2026,no,4for4
NO,2026,no,4for4
NYG,2026,yes,4for4
NYJ,2026,yes,4for4
PHI,2026,yes,4for4
PIT,2026,yes,4for4
SEA,2026,yes,4for4
SF,2026,no,4for4
TB,2026,yes,4for4
TEN,2026,yes,4for4
WAS,2026,yes,4for4
